PublishedAt,ChannelId,Title,Description,Thumbnails,ChannelTitle,LiveBroadcastContent,PublishTime,VideoID,URL,Duration,ViewCount,LikeCount,DislikeCount,CommentCount,predictions
2024-03-25T22:28:48Z,UC49UjkMNNciC6bFjsBMqMaA,Jeff Bezos is Living His Best Life,"When Jeff Bezos retired in 2021, he had a net worth of around 200 billion dollars. This means if Bezos spends one million dollars every day, it would take him 550 years to blow through his entire fortune.

Welcome to Luxury Zone, On this Channel we share everything about Luxury and help you experience the billionaire lifestyle. We rank the most expensive things in the world and we have a look inside the lives of the wealthiest people on the planet.

Consider subscribing for inspiration and luxury experiences!
Subscribe -https://bit.ly/2zR6U6c",https://i.ytimg.com/vi/hUS1Qf4tOHQ/default.jpg,Luxury Zone,none,,hUS1Qf4tOHQ,https://www.youtube.com/watch?v=hUS1Qf4tOHQ,24.15,8985,217,0,22,0.6474468583568075
2021-07-21T05:21:14Z,UCtoaZpBnrd0lhycxYJ4MNOQ,Why Did Jeff Bezos Go to Space for 11 Minutes?,"Jeff Bezos successfully completed the 2nd civilian space mission with Blue Origin. The space flight lasted 11 minutes and Jeff Bezos threw a skittle into a 18 year old's mouth.

Live everyday at https://www.twitch.tv/hasanabi 

Edited by: https://twitter.com/WillBarker__

Check out the gaming channel -https://www.youtube.com/channel/UCoatplmazYmGMPe-3LRCeyg",https://i.ytimg.com/vi/qNzvfMrdAss/default.jpg,HasanAbi,none,,qNzvfMrdAss,https://www.youtube.com/watch?v=qNzvfMrdAss,27.116666666666667,348425,13987,0,1559,0.6474468583568075
2024-02-25T14:00:15Z,UCtLimInmg63ZajyKgo4Y2Rg,Jeff Bezos‚Äô $500 Million Flying Fox Yacht!,"Take a look at the jaw-dropping $500 million Flying Fox Yacht owned by Amazon founder Jeff Bezos. This luxurious yacht measures 136 meters in length, making it one of the largest superyachts in the world. Featuring state-of-the-art amenities, lavish interiors, and breathtaking ocean views, this floating masterpiece is a true symbol of opulence.

Join us as we explore the extravagant lifestyle of one of the world's richest individuals and get an exclusive peek into the stunning Flying Fox Yacht, showcasing the ultimate in luxury and sophistication on the open seas. Don't miss out on this rare glimpse into the world of the uber-wealthy and their extravagant toys.

Subscribe to our channel for more exclusive insights into the extravagant lifestyles of the rich and famous.

#JeffBezos #FlyingFoxYacht #LuxuryYachts #Billionaires #Superyachts",https://i.ytimg.com/vi/HyatQl44VJQ/default.jpg,Elite Top Tens,none,,HyatQl44VJQ,https://www.youtube.com/watch?v=HyatQl44VJQ,24.866666666666667,17289,180,0,5,0.6474468583568075
2009-09-25T23:09:42Z,UCGwuxdEeCf0TIA2RbPOj-8g,"2005 Entrepreneurship Conference - Taking on the Challenge: Jeffrey Bezos, Amazon","Through a series of panels, interactive workshops, and informal networking opportunities, this one-day conference brought together over 500 students, alumni, investors, and community members to explore how to succeed as an entrepreneur in today's environment. Recorded on: February 12, 2005.",https://i.ytimg.com/vi/WhnDvvNS8zQ/default.jpg,Stanford Graduate School of Business,none,,WhnDvvNS8zQ,https://www.youtube.com/watch?v=WhnDvvNS8zQ,50.46666666666667,241440,5079,0,0,0.6474468583568075
2021-12-07T20:00:04Z,UC2k8fYLHBbjcyN6VZBvMviw,Jeff Bezos vs Mansa Musa. Epic Rap Battles Of History / DB Reaction,"SUBSCRIBE TO MY MUSIC CHANNEL
https://www.youtube.com/channel/UCPy3UWLZDu9I-TSKOXazD0A
STREAM MY MUSIC ON SPOTIFY
https://open.spotify.com/artist/2M6V72RxM1GJgjIgFJHZRU
FOLLOW ME ON TWITCH
https://www.twitch.tv/darrnell_bradley
FOLLOW ME ON TWITTER:
https://twitter.com/DarrnellBradley
FOLLOW ME ON INSTAGRAM
https://www.instagram.com/darrnellbradley/
SUBSCRIBE TO MY PATREON
https://www.patreon.com/DarrnellBradley

Jeff Bezos vs Mansa Musa. Epic Rap Battles Of History
https://www.youtube.com/watch?v=fCeUvPL9rMc&list=PL7viTv7TPqrlEDUPHz9ewrsdU0YQnwHyB&index=31

*Copyright Disclaimer Under Section 107 of the Copyright Act 1976, allowance is made for ""fair use"" for purposes such as criticism, comment, news reporting, teaching, scholarship, and research. Fair use is a use permitted by copyright statute that might otherwise be infringing. Non-profit, educational or personal use tips the balance in favor of fair use. No copyright infringement intended. ALL RIGHTS BELONG TO THEIR RESPECTIVE OWNERS*",https://i.ytimg.com/vi/9qUN4dKBQOM/default.jpg,Darrnell Bradley (DB),none,,9qUN4dKBQOM,https://www.youtube.com/watch?v=9qUN4dKBQOM,21.083333333333332,10125,563,0,34,0.6474468583568075
2019-05-10T04:00:45Z,UCVxTHEKKLxNjGcvVaZindlg,Blue Origin 2019: For the Benefit of Earth,"On May 9, 2019, our founder discussed his vision to go to space for the benefit of Earth.
 
In addition, he also announced the Blue Moon lunar lander, which is capable of taking people and payloads to the lunar surface. Below you‚Äôll find more information about these announcements.
 
Blue Moon lunar lander: Blue Origin announced Blue Moon, its large lunar lander capable of delivering multiple metric tons of payload to the lunar surface based on configuration and mission. The cargo variant revealed today can carry 3.6 metric tons to the surface. We have also designed a variant of the lander that can stretch to be capable of carrying a 6.5-metric-ton, human-rated ascent stage. Blue also announced it can meet the current Administration's goal of putting Americans on the Moon by 2024 with the Blue Moon lunar lander. 
 
BE-7 engine: The Blue Moon lunar lander will be powered by the BE-7 engine, a new addition to Blue Origin‚Äôs family of engines. The BE-7‚Äôs 40 kN (10,000 lbf) thrust is designed for large lunar payload transport. The engine‚Äôs propellants are a highly-efficient combination of liquid oxygen and liquid hydrogen. The BE-7 will have its first hotfire this summer. The engine will be available for sale to other companies for use in in-space and lander applications.
 
Club For the Future: A non-profit founded by Blue Origin dedicated to inspiring and engaging the next generation of dreamers and space entrepreneurs as we journey to preserve Earth and unlock the potential of living and working in space. The Club will bring together K-12 students, educators and leaders for campaigns and initiatives utilizing Blue Origin‚Äôs unique access to space. The Club‚Äôs first activity will be to send a postcard to space and back on a future New Shepard mission‚Äîthe first ever space mail. Learn more on the website (www.clubforfuture.org). Follow @ClubforFuture on Twitter and Instagram.",https://i.ytimg.com/vi/GQ98hGUe6FM/default.jpg,Blue Origin,none,,GQ98hGUe6FM,https://www.youtube.com/watch?v=GQ98hGUe6FM,51.46666666666667,628785,13611,0,2559,0.6370932686178592
2019-05-10T18:00:02Z,UCW39zufHfsuGgpLviKh297Q,"Amazon, Jeff Bezos and collecting data | DW Documentary","No company stores more data than Amazon, the former online bookseller. Amazon boss Jeff Bezos has become the richest man in the world. Every second Euro in online trading is spent at Amazon. Is the IT giant, with its unabated growth, about to turn our economic system upside down?

Amazon is a machine that can simultaneously observe, compare and analyze more than 300 million people worldwide. The company is not just a marketplace, market supervisor and provider of more and more services and consumer items - it also controls all the data streams in this market and uses them to its own benefit. Who suspects that a single click on an Amazon page will forward information to the company that fills a printed DIN-A-4 page? A conversation with Alexa, watching a streaming offer on Amazon-Prime, ordering vegetables via Amazon-Fresh - all this put together creates a whole library of information about every customer. The group collects everything - it just won‚Äôt reveal what conclusions it draws from it. What would be possible if data from other, new business areas were added? In the USA, Amazon is also active in the health and insurance sectors, and police officers are using its facial recognition software to search for wanted persons.
_______

DW Documentary gives you knowledge beyond the headlines. Watch high-class documentaries from German broadcasters and international production companies. Meet intriguing people, travel to distant lands, get a look behind the complexities of daily life and build a deeper understanding of current affairs and global events. Subscribe and explore the world around you with DW Documentary.

Subscribe to DW Documentary:
https://www.youtube.com/channel/UCW39zufHfsuGgpLviKh297Q?sub_confirmation=1#
Visit our Spanish channel:
https://www.youtube.com/dwdocumental
Visit our Arabic channel:
https://www.youtube.com/dwdocarabia
For more documentaries visit:
http://www.dw.com/en/tv/docfilm/s-3610
Instagram
https://www.instagram.com/dwdocumentary/
Facebook:
https://www.facebook.com/dw.stories

DW netiquette policy: http://www.dw.com/en/dws-netiquette-policy/a-5300954",https://i.ytimg.com/vi/O90PShJVu58/default.jpg,DW Documentary,none,,O90PShJVu58,https://www.youtube.com/watch?v=O90PShJVu58,42.516666666666666,2788221,16818,0,2154,0.6238416840249046
2018-04-13T17:58:30Z,UCjSXSHPOU4Dr94ENpf2YAiw,Jeff Bezos at MIT  Amazon - Earth's Most Customer-Centric Company,"Please Subscribe!http://www.youtube.com/c/MITVideoProductions?sub_confirmation=1
In this lively presentation Jeff Bezos, Founder and CEO of Amazon.com discusses many of the technological advances that have enabled Amazon.com to be the ""earth's most customer centric company"". Bezos talks about Amazon's first 30 days of operation, shows the very first home page and explains how the existence of a little known book warehouse in Roseburg Oregon led to the decision to locate Amazon in Seattle. Since 1997, Amazon has spent $800 million on technology, more than it has spent on either warehousing or marketing. A self-proclaimed ""EECS-geek"", Bezos tells of technological advances that have not only enabled customers to find products, (and now at 28 million items), enabled products to find customers. Hear how Amazon developed ""real time personalization"", how the company performs ""active experiments"" and learn more about salad spinners than you could ever imagine. Also appearing is MIT alum Robert Frederick, Manager of Amazon Net Services. Frederick explains how these services enable other retail services to interact with Amazon. Hear how the company that ""runs on computer science"" plans for more technological advances in the future.


http://www.youtube.com/c/MITVideoProductions?sub_confirmation=1",https://i.ytimg.com/vi/J2xGBlT0cqY/default.jpg,MIT Video Productions,none,,J2xGBlT0cqY,https://www.youtube.com/watch?v=J2xGBlT0cqY,81.91666666666667,663438,7051,0,432,0.6106647477880457
2016-06-01T05:27:49Z,UCMDxbhGcsE7EnknxPEzC_Iw,"Jeff Bezos vs. Peter Thiel and Donald Trump | Jeff Bezos, CEO Amazon | Code Conference 2016","Amazon CEO Jeff Bezos talks with The Verge's Walt Mossberg about the ""gigantic"" potential of artificial intelligence to change everything from shopping to self-driving cars. Bezos also discusses his purchase of the Washington Post in 2013, which he says is transforming from a local to a global institution. He explains why he opposes both Peter Thiel's campaign against Gawker Media and Donald Trump's attempts to ""freeze or chill"" press scrutiny. Plus: Why Bezos's other company, Blue Origin, is trying to lower the cost of entrepreneurship in space.

Jeff Bezos on:

- Donald Trump: https://www.youtube.com/watch?v=7mIX4EhLzLw&list=PLKof9YSAshgzk_SIKH4MLATgR_sSPiv2T&index=8

- Peter Thiel vs. Gawker: https://www.youtube.com/watch?v=Mf0e8M5Fxfo&list=PLKof9YSAshgzk_SIKH4MLATgR_sSPiv2T&index=6

- Amazon's work-life balance: https://www.youtube.com/watch?v=PTYFEgXaRbU&index=9&list=PLKof9YSAshgzk_SIKH4MLATgR_sSPiv2T",https://i.ytimg.com/vi/guVxubbQQKE/default.jpg,Recode,none,,guVxubbQQKE,https://www.youtube.com/watch?v=guVxubbQQKE,80.46666666666667,829404,6946,0,678,0.6049776944307922
2017-08-27T10:42:51Z,UCmHu591mWNj_zSaSuYVwsaQ,Jeff Bezos interview on Starting Amazon (2001),"‚ÄúI‚Äôm going to go do this crazy thing. I‚Äôm going to start this company selling books online.‚Äù

Join us on Patreon! https://www.patreon.com/ManufacturingIntellect
Donate Crypto! https://commerce.coinbase.com/checkout/868d67d2-1628-44a8-b8dc-8f9616d62259
Share this video!

In 1994, Jeff Bezos was a 30-year-old vice president of a New York investment firm, newly married, with a secure and prosperous future ahead of him. He decided to give it all up and drive to Seattle with his wife, in a used car, to start a business in their garage. He was betting his own savings ‚Äî and his parents‚Äô and friends‚Äô ‚Äî on a totally untried notion: that people would buy books through a little-known network of computers called the Internet.

Jeff Bezos was convinced that this global network, primarily the domain of academics and government scientists, could become a vibrant new venue for commerce, with the right product and the right plan. Almost overnight, the company Bezos started, Amazon.com, changed the book-buying habits of a nation. Bezos and his investors found their shares in the company worth billions.

As the company‚Äôs capitalization soared, Bezos embarked on a risky strategy of expansion, forgoing immediate profits to secure an ever-larger share of the Internet market, not only in books, but in music, videos, electronics, toys and clothing. At the turn of the 21st century, the Internet bubble burst, and fortunes seemingly made overnight literally vanished. Yet Amazon flowed on like its mighty namesake, still expanding, but also showing profits, while other promising start-ups faded from the scene. Once-daunting competitors had become grateful partners. The vision of Jeff Bezos had prevailed, and the world of commerce had changed forever.",https://i.ytimg.com/vi/p7FgXSoqfnI/default.jpg,Manufacturing Intellect,none,,p7FgXSoqfnI,https://www.youtube.com/watch?v=p7FgXSoqfnI,47.46666666666667,134139,2404,0,252,0.6008328226263798
2014-12-15T14:07:19Z,UCcyq283he07B7_KUX07mmtA,Interview: Amazon CEO Jeff Bezos,"Amazon CEO, Jeff Bezos, sat down with Henry Blodget at Business Insider's Ignition 2014 for an in-depth interview on a variety of topics.

--------------------------------------------------

Follow BI Video on Twitter: http://bit.ly/1oS68Zs
Follow BI Video On Facebook: http://on.fb.me/1bkB8qg
Read more: http://www.businessinsider.com/

--------------------------------------------------

Business Insider is the fastest growing business news site in the US. Our mission: to tell you all you need to know about the big world around you. The BI Video team focuses on technology, strategy and science with an emphasis on unique storytelling and data that appeals to the next generation of leaders ‚Äì the digital generation.",https://i.ytimg.com/vi/Xx92bUw7WX8/default.jpg,Business Insider,none,,Xx92bUw7WX8,https://www.youtube.com/watch?v=Xx92bUw7WX8,52.9,682129,6450,0,554,0.5840087131257174
2018-09-19T20:40:01Z,UCvJJ_dzjViJCoLf5uKUTwoA,"LIVE: Jeff Bezos Speaks on Innovation in the Space Industry and Blue Origin - Sept. 19, 2018","Caption: Amazon CEO Jeff Bezos and Air Force General John Raymond, commander of Air Force Space Command, will discuss the latest advancements in space technology.

¬ª Subscribe to CNBC: http://cnb.cx/SubscribeCNBC

About CNBC: From 'Wall Street' to 'Main Street' to award winning original documentaries and Reality TV series, CNBC has you covered. Experience special sneak peeks of your favorite shows, exclusive video and more.

Connect with CNBC News Online
Get the latest news: http://www.cnbc.com/
Follow CNBC on LinkedIn: https://cnb.cx/LinkedInCNBC
Follow CNBC News on Facebook: http://cnb.cx/LikeCNBC
Follow CNBC News on Twitter: http://cnb.cx/FollowCNBC
Follow CNBC News on Google+: http://cnb.cx/PlusCNBC
Follow CNBC News on Instagram: http://cnb.cx/InstagramCNBC

#CNBC

LIVE: Jeff Bezos Speaks on Innovation in the Space Industry and Blue Origin - Sept. 19, 2018",https://i.ytimg.com/vi/ta9o_t6FJaQ/default.jpg,CNBC,none,,ta9o_t6FJaQ,https://www.youtube.com/watch?v=ta9o_t6FJaQ,50.11666666666667,97097,887,0,111,0.5757112596548717
2023-12-15T01:02:11Z,UCJIfeSCssxSC_Dhc5s7woww,How Jeff Bezos started Amazon | Lex Fridman Podcast Clips,"Lex Fridman Podcast full episode: https://www.youtube.com/watch?v=DcWqzZ3I2cY
Please support this podcast by checking out our sponsors:
- Notion: https://notion.com
- Policygenius: https://www.policygenius.com/
- MasterClass: https://masterclass.com/lexpod to get 15% off
- Eight Sleep: https://www.eightsleep.com/lex to get special savings
- InsideTracker: https://insidetracker.com/lex to get 20% off

GUEST BIO:
Jeff Bezos is the founder of Amazon and Blue Origin.

PODCAST INFO:
Podcast website: https://lexfridman.com/podcast
Apple Podcasts: https://apple.co/2lwqZIr
Spotify: https://spoti.fi/2nEwCF8
RSS: https://lexfridman.com/feed/podcast/
Full episodes playlist: https://www.youtube.com/playlist?list=PLrAXtmErZgOdP_8GztsuKi9nrraNbKKp4
Clips playlist: https://www.youtube.com/playlist?list=PLrAXtmErZgOeciFP3CBCIEElOJeitOr41

SOCIAL:
- Twitter: https://twitter.com/lexfridman
- LinkedIn: https://www.linkedin.com/in/lexfridman
- Facebook: https://www.facebook.com/lexfridman
- Instagram: https://www.instagram.com/lexfridman
- Medium: https://medium.com/@lexfridman
- Reddit: https://reddit.com/r/lexfridman
- Support on Patreon: https://www.patreon.com/lexfridman",https://i.ytimg.com/vi/JSEmiw4rCW4/default.jpg,Lex Clips,none,,JSEmiw4rCW4,https://www.youtube.com/watch?v=JSEmiw4rCW4,23.066666666666666,308542,5258,0,623,0.5757112535909803
2024-03-24T15:10:00Z,UCEm_0Cv-bdGNSDiG55QJ0Yw,SCP-5821 Jeff Bezos Tastes Amazing! (Compilation),"Join the DR BOB SQUAD by going to https://www.patreon.com/DrBob and become an Honorary Member of the Dr. Bob Research Staff!

00:00 SCP-5821 Jeff Bezos Tastes Amazing! - The Voregeoisie
18:21 SCP-3710 Elon Mush
38:47 SCP-5346 - GUMP
57:50 SCP-7066 - Zombie Simpsons 
01:19:19 SCP-056 A Beautiful Person (SCP Animation)
01:31:35 SCP-096 Sad Origin Story
01:48:44 SCP-4666 The Yule Man (SCP Animation)
01:56:50 SCP-181 Lucky
02:08:51 SCP-1366-RU Uncle Styopa
02:20:20 SCP-428 The Crowd
02:37:01 SCP-1529 King of the Mountain (SCP Animation)
02:47:56 SCP-913 Mr Hungry
03:05:52 SCP-446 Human Mannequin
03:18:46 SCP-106 SAD ORIGIN STORY
03:35:03 SCP-049 SAD ORIGIN STORY

Watch ALL of DrBob's videos including SCP 150 The Body Stealing Parasite and SCP 3700 Tides of War here:
https://www.youtube.com/playlist?list=PLHxBeJ7z3xRleoXfcoFZxHgqji3jKgWwV

This video, being derived from http://scp-int.wikidot.com is released under Creative Commons Sharealike 3.0. https://creativecommons.org/licenses/by-sa/3.0/

Narrated by Joe Cliff Thompson
#drbob #scp #animation",https://i.ytimg.com/vi/KAk-6ayGlTs/default.jpg,Dr Bob,none,,KAk-6ayGlTs,https://www.youtube.com/watch?v=KAk-6ayGlTs,232.73333333333332,64607,987,0,78,0.5749286374019091
2018-06-10T15:21:13Z,UCs0I10G-oIitfWdbhQW_2dQ,THE RICHEST PERSON EVER - Jeff Bezos [Business And Life Advice],"SHOP - https://www.mulliganbrothers.com/
FOOTAGE USED - https://goo.gl/uiZjsw

Music - Borrtex

Speaker - Jeff Bezos  

=====================================================
Interact with US and get motivated+
Facebook - https://www.facebook.com/mulliganbrot...
Twitter - https://twitter.com/Muliganbrothers
Instagram - https://instagram.com/mulliganbrothers
Tumblr - http://mulliganbrothers.tumblr.com/
Patreon - https://www.patreon.com/mulliganbrothers

=====================================================
PATREON SUPPORTERS! ""Thank you So Much!""
John Ernstein, Matthew Lloyd, Eaton Asher, Gulraj S Bains, R Gill, Ivan Mashkov, Marcos Welker, Johnathan Castaneda, ServaniX, MorgueTV, Loren Robinson, Shilpa Reddy, Martin Schmid, Petra Otten, Louis Hodges, Tempest_101, Adil Karrak, Matt Alexander, Andrew W, Mindgate17, Dan Ozanick, Emil Ihsan-Alexander Torabi, Raphael Bauer, Alex Malitsky, Scott Timpanelli, Laila Organics, Ashley Munsamy, Tawanda Kanyangarara, Motivational Movement, Martin Stevens, Elaina, Derek Ragan",https://i.ytimg.com/vi/IBuIdAubQ3o/default.jpg,Mulligan Brothers Interviews,none,,IBuIdAubQ3o,https://www.youtube.com/watch?v=IBuIdAubQ3o,40.55,1105637,15452,0,918,0.5672123090697493
2023-12-14T17:53:21Z,UCSHZKyawb77ixDdsGog4iWA,Jeff Bezos: Amazon and Blue Origin | Lex Fridman Podcast #405,"Jeff Bezos is the founder of Amazon and Blue Origin.

Thank you for listening ‚ù§ Please support this podcast by checking out our sponsors:
- Notion: https://notion.com/lex
- Policygenius: https://policygenius.com/lex
- MasterClass: https://masterclass.com/lexpod to get 15% off
- Eight Sleep: https://www.eightsleep.com/lex to get special savings
- InsideTracker: https://insidetracker.com/lex to get 20% off

TRANSCRIPT:
https://lexfridman.com/jeff-bezos-transcript

EPISODE LINKS:
Jeff's Instagram: https://instagram.com/jeffbezos
Jeff's Twitter: https://twitter.com/jeffbezos
Amazon: https://amazon.com
Blue Origin: https://blueorigin.com
Invent and Wander (book): https://amzn.to/41bF2SY

PODCAST INFO:
Podcast website: https://lexfridman.com/podcast
Apple Podcasts: https://apple.co/2lwqZIr
Spotify: https://spoti.fi/2nEwCF8
RSS: https://lexfridman.com/feed/podcast/
Full episodes playlist: https://www.youtube.com/playlist?list=PLrAXtmErZgOdP_8GztsuKi9nrraNbKKp4
Clips playlist: https://www.youtube.com/playlist?list=PLrAXtmErZgOeciFP3CBCIEElOJeitOr41

OUTLINE:
0:00 - Introduction
0:24 - Texas ranch and childhood
4:02 - Space exploration and rocket engineering
16:36 - Physics
26:10 - New Glenn rocket
1:08:59 - Lunar program
1:18:55 - Amazon
1:36:16 - Principles
1:54:56 - Productivity
2:05:34 - Future of humanity

SOCIAL:
- Twitter: https://twitter.com/lexfridman
- LinkedIn: https://www.linkedin.com/in/lexfridman
- Facebook: https://www.facebook.com/lexfridman
- Instagram: https://www.instagram.com/lexfridman
- Medium: https://medium.com/@lexfridman
- Reddit: https://reddit.com/r/lexfridman
- Support on Patreon: https://www.patreon.com/lexfridman",https://i.ytimg.com/vi/DcWqzZ3I2cY/default.jpg,Lex Fridman,none,,DcWqzZ3I2cY,https://www.youtube.com/watch?v=DcWqzZ3I2cY,131.53333333333333,4217231,94845,0,10422,0.5648116489901457
2021-08-17T16:00:10Z,UCvlj0IzjSnNoduQF0l3VGng,Jeff Bezos Didn't Learn A Damn Thing In Space - SOME MORE NEWS,"The first 1,000 people to use this link will get a 1 month free trial of Skillshare: https://skl.sh/somemorenews08211

Hi. Here‚Äôs a video about our third favorite space billionaire, Jeff Bezos, his plan to move workers into space, and his really weird voice.

Support us on our PATREON: http://patreon.com/somemorenews
Check out our MERCH STORE:  https://bit.ly/3nfv4OL
SUBSCRIBE to SOME MORE NEWS: https://tinyurl.com/ybfx89rh

Executive Producer Katy Stoll (@KatyStoll). Written by Cody Johnston (@Drmistercody). Directed by Will Gordh (@will_gordh). Edited by Gregg Meller. Graphics by F. Clint DeNisco.

Chapters
00:00 - Intro
1:32 - Mr.Bezos Went To Space, Kinda
4:32 - Mr. Bezos Didn't Learn Anything 
8:51- Mr. Bezos Wants A Real-Life Expanse
14:09 - Mr. Bezos Isn't Going To Save Us

You can subscribe to our podcast EVEN MORE NEWS here:
iTunes: https://goo.gl/bveu8q  
Google Play: https://goo.gl/zpnhN9  
Soundcloud: https://goo.gl/xMHZYT  
Stitcher: https://goo.gl/ZFdRhp

Follow us on social media! 
Twitter: https://twitter.com/SomeMoreNews 
Instagram: https://www.instagram.com/SomeMoreNews/ 
Facebook: https://www.facebook.com/SomeMoreNews/
TikTok: https://www.tiktok.com/@somemorenews

Source List: https://docs.google.com/document/d/15eBrvsj4kEI6-vT025L0ruGU5LBRtwGa6Vo5tInQ9h4/edit?usp=sharing",https://i.ytimg.com/vi/T7TQFFH9gj8/default.jpg,Some More News,none,,T7TQFFH9gj8,https://www.youtube.com/watch?v=T7TQFFH9gj8,22.5,393142,26125,0,3262,0.556284140337887
2021-02-05T18:39:50Z,UC55-mxUj5Nj3niXFReG44OQ,"La historia de Jeff Bezos, CEO de Amazon","üá≤üáΩPlatziConf M√©xico 2024 llega este mayo 30.üö® Entra YA a https://platzi.com/l/conf-mexico/ y asiste presencial u online al evento de tecnolog√≠a m√°s grande de Latinoam√©rica. 
-------------------------------------
üëâ Platzi es una plataforma de educaci√≥n Online, con tu suscripci√≥n tienes acceso a  cursos en diferentes √°reas de aprendizaje:

- Desarrollo e ingenier√≠a
- Dise√±o y UX
- Marketing
- Negocios y emprendimiento
- Producci√≥n audiovisual
- Crecimiento profesional

Cada √°rea est√° compuesta por Rutas de aprendizaje y Escuelas que har√°n de tu perfil uno de los m√°s demandados de la industria. Adem√°s, cuentas con nuestros grupos de estudio, meetups digitales y tutoriales en nuestro sistema de discusiones.

----------------------------------------------------------------------
Todo esto y m√°s, en https://platzi.com

S√≠guenos
Facebook: https://platzi.com/l/fHl6pows/
Twitter: https://platzi.com/l/0DJ5PONB/
Instagram: https://platzi.com/l/jt260ue0/

#amazon #jeffbezos
@recent-platzi",https://i.ytimg.com/vi/WC8_XLGs6cs/default.jpg,Platzi,none,,WC8_XLGs6cs,https://www.youtube.com/watch?v=WC8_XLGs6cs,20.666666666666668,461988,15952,0,552,0.5517951485167033
2024-03-24T13:05:32Z,UCv14wK0lfSBAjM7lz8l8Vfw,"""NO DEJES que Los CAMBIOS se PRODUZCAN SIN TI"" - Jeff Bezos","Bezos entiende que el panorama empresarial est√° en constante flujo, impulsado por nuevas tecnolog√≠as disruptivas, cambios en los patrones de consumo, regulaciones cambiantes y una feroz competencia global. 
Las empresas que no siguen aprendiendo, evolucionando sus modelos de negocio y anticipando las pr√≥ximas olas de cambio, se arriesgan a quedarse obsoletas antes de darse cuenta. 
Esta mentalidad de aprendizaje permanente y adaptabilidad fue clave para el √©xito de Amazon. En lugar de conformarse con ser solo una librer√≠a online, Bezos impuls√≥ una mentalidad de experimentaci√≥n continua, arriesg√°ndose en nuevas l√≠neas de negocio como la nube, los dispositivos dom√©sticos inteligentes, el streaming de video y m√°s. Cada nueva aventura fue una oportunidad de aprendizaje.",https://i.ytimg.com/vi/ksw1YA5ew4c/default.jpg,Leccionesdesabiduriaoficial,none,,ksw1YA5ew4c,https://www.youtube.com/watch?v=ksw1YA5ew4c,22.183333333333334,8307,373,0,5,0.5333919590238868
2023-11-14T20:48:29Z,UCygmWL3k4EpxBmWGGBs5ldw,LAUREN SANCHEZ & JEFF BEZOS IN VOGUE: How to Get a Rich & Powerful Man! | Shallon Lester,"üëë JOIN THE SHALLONTOURAGE: EVIL WEEK & CHATS WITH ME! üëëhttps://hdly.me/shallon

 #shallonlester #jeffbezos #vogue @Vogue  

üíú Listen To My Podcast: 
     Apple: https://apple.co/2YxmmeA
     Spotify: https://spoti.fi/335AdMt

üî•SHOP SLXO CLOTHING üî•https://bit.ly/3INA1GT
üíã GET A CUSTOM VIDEO (US) üíã https://www.cameo.com/shallonxo
üíã GET A CUSTOM VIDEO (UK, AUS, CANADA) üíãhttps://bit.ly/3rVQenl

üíú Subscribe: http://bit.ly/2YzOtJV  
üíú Follow On Insta: http://bit.ly/2YmMQnR
üíú Follow on TikTok: https://bit.ly/3EMtGJ9


üíú Watch More Shallon Lesterüíú
Latest Uploads: http://bit.ly/31jN8cg
‚≠êKardashian Psychology:  http://bit.ly/31nX2cR
‚≠êConfidence & Body Image: http://bit.ly/2SYo87c
‚≠êThe Truth About Taylor Swift: http://bit.ly/2T7zkyx
‚≠êGigi & Bella Hadid: http://bit.ly/2Ti93NX
‚≠êCollege Dating & More: http://bit.ly/2ZqfAIP
‚≠êPlayers & F**kboys: http://bit.ly/2SY8cSF
‚≠êThe Truth About Shawn Mendes: http://bit.ly/2ZC04ti
 
üíúAbout Shallon Lesterüíú
CELEB GOSSIP AND LOVE LESSONS! 

Got a love, dating or friendship question? You've come to the right place! I'm Shallon Lester, a two-time published author, NYC magazine editor and star of Howcast's viral kissing videos. I spill the tea on celebs like Kylie Jenner, the Kardashians, Beyonce, Shawn Mendes, Justin Bieber, Hailey Baldwin, Rihanna and more, breaking down their relationships, scandals and psychology to see what lessons WE can learn, and give you no-nonsense advice and real-world tips on everything from dating apps and players, to family and friends!",https://i.ytimg.com/vi/1WeDom2SL-c/default.jpg,Shallon Lester,none,,1WeDom2SL-c,https://www.youtube.com/watch?v=1WeDom2SL-c,27.533333333333335,55063,2186,0,367,0.5260452342452208
2023-11-15T17:00:06Z,UCXKCiTquPMavBqgXgrM9mBg,Jeff Bezos Rowing Boat,"Become a Patron  https://www.patreon.com/bobbyfingers

Or you can buy me a coffee here. https://ko-fi.com/bobbyfingers

UPDATE : THE TREASURE HAS BEEN FOUND BY A PATRON!!!

VISIT MY WISHLIST https://mywishlist.online/w/xepzjg/bobbys-wishlist

Produced by Rob Sutton and Bobby Fingers.

Thanks to the good people of ODYSSEY STUDIOS https://www.odysseystudios.ie/

Click for KING KONG COMPANY https://youtu.be/_A13Mv5dchI?si=C2wBpJBQPnsj4dr8

Big thanks to L. Sierakowski for the use of his beautiful music. https://furniture-music.bandcamp.com

Thanks to Esref Akinci, Ossman Yetkin and Dr. Nihat Cicek at Holiday Estetic https://holidayestetic.com/

Amazon march footage courtesy of Shabbir Lakha/Rank and FIle Combine https://www.instagram.com/shabbirlakha/ CHECK HIM OUT!!!! AMAZING PERSON!!!

Director of Photography - Shane Serrano - https://www.shaneserrano.com/

Additional Camera work by
Rob Sutton https://www.instagram.com/rob.sutton/
Clem McInerney (Water Cinematography) https://clemmcinerney.com/
Shane Joyce https://www.instagram.com/shanej0yce/
Alex Genn-Bash https://www.instagram.com/shuttermug/
Berke Beyazpƒ±nar https://www.instagram.com/berkebeyazpinar/
Emma McNamara https://www.instagram.com/rc86maker/
Jason Flood (whats your social Jason?)

Music by 
Bobby Fingers
Cillian King https://www.instagram.com/cillianking/
Daniel luke https://open.spotify.com/artist/7MqR9hflQxb3YzurijtPB3
Lu√≠s Sierakowski https://furniture-music.bandcamp.com
Boris Sevastyanov  https://www.fiverr.com/composerr
Michael Hennessy and all the guys in Harmony Bro, Mens Choir in Ennis.

Sound Recordist - Eoin Gleeson https://www.instagram.com/eoingleeson/

Visual Effects by Ray Sullivan https://www.instagram.com/directedbyray/

Additional editing by Rob Sutton and Nathan Campion https://www.instagram.com/nathanthecampionoftheworld/

Makeup by 
Sadhbh Nic Uidhir https://www.instagram.com/sadhbhniqueer/
Clodagh McInerney 

Costumes by
Gerdi McGlynn
Pamela McGlynn
Grace Burke
Sarah Allen

Jet Ski Operator - James Monaghan 

The Pirates were played by
Jean McGlynn
Michael O'Donoghue
Mike Finnernanan
Martin Cooke
Nhlanhla Banda
Cein Daly
Shane Davis
Luke McEvoy
Isaac Bryant
Cian Egan
Matt Kelly
Darren O'Carroll
Tobi Omoteso
Conor McNelis
Robert Walsh

Special thanks to Shirani Bolle, D√≠n√≠ McGlynn, Romee Mcglynn, Antoinette Bolle, Molly Jackson French. Wayne Cuddy, Dominic Yard http://www.thisisyard.com/ Ali Day, Rebecca NiÃÅ ChurnaÃÅin, Mick Dolan and all the gang at Dolans, Rebecca Pearson, Bec Hill, Matt Parker, Dr. Billy Fingers, Gary MacMahon, Brian O'Brien, Mike Hogan, Bono Kavanagh, Emma Tierney, Steve Lock and the gang at Soho theatre, Conor O'Brien, Laura Davoren, Paul Ryan from Film In Limerick, Keelan Christie, Mary Gallagher Cooke, Brendan Kennedy from Panda.ie. Thanks to John and all the lads in Mungret Civic Ameneties, Elle Coughlan, Alan Ward and the guys in the National 50m Pool in UL.

If I've forgotten anyone, please let me know, I can add your name in here very easily.",https://i.ytimg.com/vi/VGhcSupkNs8/default.jpg,Bobby Fingers,none,,VGhcSupkNs8,https://www.youtube.com/watch?v=VGhcSupkNs8,28.466666666666665,518128,36574,0,3173,0.5188461160123042
2022-04-06T16:36:58Z,UCQvhpTBJRgMAXXzHHzJr7hg,Jeff Bezos and ULA take on Elon Musk in the biggest gamble in private spaceflight!,"Jeff Bezos has purchased dozens of Vulcan Centaur, Atlas V and Ariane 6 launches to get Kuiper in operation in five years.  Is the rivalry between Jeff and Elon Musk so intense that SpaceX is out of the question?  Why rely exclusively on rockets that haven't flown and the problem-ridden BE-4?

Because Jeff Bezos is trying to change the landscape of the entire private spaceflight industry.  And he may very well succeed...

Support my channel!
https://www.patreon.com/AngryAstronaut

If you want to make a one time donation, here is my PayPal link...
paypal.me/AngryAstro

Note: Merch now available directly in my channel!

And, here's the deal!
https://spacenews.com/amazon-signs-multibillion-dollar-project-kuiper-launch-contracts/",https://i.ytimg.com/vi/3GjtCNJoApk/default.jpg,The Angry Astronaut,none,,3GjtCNJoApk,https://www.youtube.com/watch?v=3GjtCNJoApk,22.633333333333333,45402,2937,0,411,0.5108082004703441
2022-06-24T23:26:54Z,UCmFeOdJI3IXgTBDzqBLD8qg,Why I Hate Jeff Bezos,"Sign up now to get 2 years + 3 months free for only $2.11 per month (that‚Äôs 82% off) using my link: https://www.privateinternetaccess.com/Moon

Free weekly essays written by Moon - https://mailchi.mp/3ded12821743/moon

üü¢ Get exclusive access for my private unfiltered controversial videos that can't be released to the public: https://www.youtube.com/c/Moon-Real/join


I hate Jeff Bezos... 

00:00 Understanding Bezos
05:15 Amazon's Rise
10:17 Private Internet Access
11:31 Ruthlessness
18:10 True Power
21:08 King Bezos

In this video we will explore why Jeff Bezos is trash, why Jeff Bezos is bad and how Jeff Bezos made so much money through his businesses. Bezos is a business genius but this has come at a big cost of society.  The money and power of Jeff Bezos is bad. This is a story of entrepreneurship, business sales, marketing and an explanation as to why people dislike jeff bezos. Is it just for his money? Or is there a reason for the jeff bezos haters.",https://i.ytimg.com/vi/SgABEJCn2z8/default.jpg,Moon,none,,SgABEJCn2z8,https://www.youtube.com/watch?v=SgABEJCn2z8,23.066666666666666,954677,43564,0,4580,0.5100372799295815
2021-11-27T21:16:06Z,UCCrxMcF-9SvoeX8gbP7KmTw,THIS SH*T EPIC!!! Jeff Bezos vs Mansa Musa. Epic Rap Battles Of History - Reaction,"#epicrapbattles #Amazon #Bezos


Man listennnnnnnnnnnn.... THIS IS GOATED. First of all Scru being on this is the greatest thing to ever happen son. Sheesh I don't know what to even say. This dude really brought gun bars to erb how can you not love that ish. About the battle, I feel like we got 2 great solid rounds and I love the way they did that it made it easy to judge and also smooth to watch both of them having the same amount of time to rap. Scru I thought edged both rounds I just think he had a lot more content in the rounds. Watch Munfu Proffitt react to Jeff Bezos vs Mansa Musa. Epic Rap Battles Of History.

@ERB https://www.youtube.com/watch?v=fCeUvPL9rMc

** Road to 40,000 Subscribers** 


Clothing/merchandise website - https://www.vntitled.us/

FOLLOW MY SPOTIFY PLAYLIST - https://open.spotify.com/playlist/77z...


‚ôõ Stay Connected ‚ôõ
‚ñ† Twitter: https://twitter.com/munfuproffitt
‚ñ† Instagram: https://www.instagram.com/munfuproffitt/
‚ñ† PSN: MUNFU_Proffitt
‚ñ† Email: Proffitt65@gmail.com

SUBSCRIBE TO MY SECOND CHANNEL - 
https://www.youtube.com/channel/UCgvb...

SUBSCRIBE TO MY PATREON FOR EXCLUSIVE CONTENT 
https://www.patreon.com/user?u=32626945


OFFICIAL CLOTHING STORE:

teespring.com/stores/munfu-proffitt

TO DONATE:

PAYPAL: Proffitt65@gmail.com

*CASHAPP* $Theproffitt",https://i.ytimg.com/vi/shyjo1uEvuY/default.jpg,MUNFU Proffitt,none,,shyjo1uEvuY,https://www.youtube.com/watch?v=shyjo1uEvuY,21.333333333333332,56697,3199,0,244,0.5069059316055949
2024-02-16T14:00:11Z,UCKmkpoEqg1sOMGEiIysP8Tw,Jeff Bezos' Advice if you're dreaming of success,"‚úé Get free access to our vault of PDF summaries for every YouTube video here: https://believe.evancarmichael.com/the-vault

‚úé Jeff Bezos is best known as the founder, chairman, and chief executive officer of Amazon.com. He's also the founder and manufacturer of Blue Origin, a human spaceflight startup company. He's the second richest man on the planet.

‚òÖ‚òÖ‚òÖ JOIN ME LIVE ‚òÖ‚òÖ‚òÖ
‚Ä¢ I go live every week. Join me & ask your questions: http://evancarmichael.live/
‚Ä¢ or You can ask your question in our Discord: http://evancarmichael.biz

‚òÖ BOOKS ‚òÖ
‚Ä¢ Momentum: https://amzn.to/3kJZIAv 
‚Ä¢ Build to Serve: https://amzn.to/3XZiCSg 
‚Ä¢ Your One Word: https://amzn.to/3R9qVII 
‚Ä¢ The Top 10 Rules for Success: https://amzn.to/3JcNZVe 
‚Ä¢ 254 Confidence: https://amzn.to/3jdh9c2 

‚òÖ RECOMMENDED VIDEOS FOR YOU ‚òÖ
If you liked this video, you'll love these ones:
‚Ä¢ Unlock Your Genius: Essential Keys to Surpassing Limits and Achieving Success | Elon Musk - https://youtu.be/1AU819P7Bk4
‚Ä¢ Overcome Your FEAR of FAILURE and Get Things DONE! | Elon Musk | Top 10 Rules - https://youtu.be/-4VeSIrSSa4
‚Ä¢ How to THINK Like a BILLIONAIRE (SUCCESS Secrets of the RICH!) | Jeff Bezos | Top 10 Rules - https://youtu.be/9K073_GQhZ8

‚úî SOURCES ‚úî
https://youtu.be/AbpXSM8WW4s Amazon News
https://youtu.be/O4MtQGRIIuA Amazon Web Services
https://youtu.be/ex-ui7ldnD0 NASA
https://youtu.be/WNcXhPIwA58 Via Satellite Magazine
https://youtu.be/NSzdCAt8phE Air Force Association
https://youtu.be/pEZqCuEEMdU Corporate Valley
https://youtu.be/vhDRBPCOxmA HRH Media
https://youtu.be/p7FgXSoqfnI Manufacturing Intellect
https://youtu.be/ebGgG2Ojfbw Partnership for Public Service
https://youtu.be/Hq89wYzOjfs Summit
https://youtu.be/PnSjKTW28qE –ò–∑–∞–±–µ–ª–ª–∞ –ë–æ—Ä–∏—Å–æ–≤–∞
https://youtu.be/G-0KJF3uLP8 Utah Technology Council
https://youtu.be/zN1PyNwjHpc The Economic Club of Washington, D.C.
https://youtu.be/D2vLjSNPZxE Bezos Earth Fund
https://youtu.be/zsPgNuuS8pA Sleep Gods
https://youtu.be/s7ZvBy1SROE Academy of Achievement
https://youtu.be/ta9o_t6FJaQ CNBC
https://youtu.be/rfU1FGu6taI CNN
https://youtu.be/mk0qTPqaFcw EPC Group.net
https://youtu.be/fTwXS2H_iJo Amazon News
https://youtu.be/oz9iO0EOpI0 Amazon News
https://youtu.be/FJ3jw6TkVmc The Good Life Mentor
https://youtu.be/bG0kT78SDn0 JFK Library
https://youtu.be/6cY4YkmsvCY CNN-News18
https://youtu.be/43ebT9qP0Ws Liberty Science Center
https://youtu.be/xrPw9hptl9M Channel 007
https://youtu.be/lJJB7eb-1u0 Amazon Prime Video India
https://youtu.be/J2xGBlT0cqY MIT Video Productions
https://youtu.be/6nKfFHuouzA startupschool
https://youtu.be/gsYJw5qL4Ds Bezos Earth Fund

‚öë SUBSCRIBE TO MY CHANNEL ‚öë
If you want to do great things you need to have a great environment. Create one by subbing and watching daily. 
http://www.youtube.com/subscription_center?add_user=Modelingthemasters

„ÉÑ  CONNECT WITH ME  „ÉÑ
Leave a comment on this video and it'll get a response. Or you can connect with me on different social platforms too:
‚Ä¢ My Live Calendar: http://evancarmichael.live/
‚Ä¢ Instagram: https://www.instagram.com/evancarmichael/
‚Ä¢ Tiktok: https://www.tiktok.com/@evancarmichael
‚Ä¢ Discord: http://evancarmichael.biz
‚Ä¢ Twitter: https://twitter.com/evancarmichael
‚Ä¢ Linkedin: https://www.linkedin.com/in/evancarmichael/
‚Ä¢ Facebook: https://www.facebook.com/EvanCarmichaelcom
‚Ä¢ Website: http://www.evancarmichael.com 

-----------------------------------------------------------------------------

Thank you for watching - I really appreciate it :)
Much love,
Evan
#Believe",https://i.ytimg.com/vi/Jx2Kzkj1iQE/default.jpg,Evan Carmichael,none,,Jx2Kzkj1iQE,https://www.youtube.com/watch?v=Jx2Kzkj1iQE,115.48333333333333,6212,251,0,57,0.5058629525397649
2024-05-01T19:05:36Z,UCTmKiHmNTDIjgv4XRg5aj0w,"As√≠ es la Lujosa Vida de JEFF BEZOS [ fortuna, mansiones, coches.....]","Bienvenidos a luxury live el lujo cada vez mas cerca de ti. en este video mostraremos la vida lujosa de uno de un empresario, ingeniero y magnate estadounidense, fundador, presidente ejecutivo y ex director ejecutivo de la empresa de venta en l√≠nea Amazon de la cual posee el 7%.‚ÄãEn 2015 fue el quinto hombre m√°s rico del mundo, y en 2017 alcanz√≥ el primer puesto de la lista Forbes.‚Äã estamos hablando como no de Jeff Bezos; su fortuna, sus negocios, sus yates , sus coches y mucho mas ..... no te lo puedes perder.
---------------------------------------------------------------------------------------------------------------------------
Suscr√≠bete al canal dandole a la campanita para no perderte ning√∫n video como este. 
---------------------------------------------------------------------------------------------------------------------------
As√≠ es la LUJOSA vida de JEFF BEZOS 2023 - The BRO!
La verdad no dicha de la TRILLONARIA vida de Jeff Bezos
La Trillonaria Vida De Jeff Bezos
Jeff Bezos | La Lujosa Vida | Fortuna Del CEO De Amazon
The Trillionaire Life of Jeff Bezos
How Jeff Bezos Spending $1.9 Million Is Like You Spending $1
Cosas √önicas Que S√≥lo Tiene Jeff Bezos
C√≥mo Jeff Bezos Gasta Sus Miles De Millones
Elon Musk Arrives For Lunch With Heavy Security At Tullio Restaurant in Rome, Italy
Richest Person In History Comparison
Elon Musk | La Lujosa Vida | Supera a Jeff Bezos con $288 mil 600 millones de d√≥lares üí∞
Jeff Bezos' Billionaire Lifestyle After Retirement
How Jeff Bezos Spends $205 Billion Dollars
Jeff Bezos Billionaire Lifestyle | Girlfriend, Houses, Cars
How Jeff Bezos Spends His Billions
Jeff Bezos‚Äô Insane Collection of Homes
Mark Zuckerberg BILLIONAIRE LIFESTYLE | Luxury Life
Inside Jeff Bezos' $21,000,000 Car Collection
Jeff Bezos's Lifestyle 2024 ‚òÖ New Wife, Net Worth & Houses
Jeff Bezos VS Elon Musk - Lifestyle War
El Yate M√°s Lujoso Del Mundo (2024)",https://i.ytimg.com/vi/UoIM5AJ5m2U/default.jpg,luxurylive,none,,UoIM5AJ5m2U,https://www.youtube.com/watch?v=UoIM5AJ5m2U,23.7,179,5,0,0,0.4877398581335977
2021-12-30T14:11:12Z,UCM5XnWpwfxlgY2TlBCuu5aw,Jeff Bezos Case Study | Business Lessons On How Amazon Became The Worlds Internet Giant,"Everyone knows Jeff Bezos for being the founder of Amazon, and currently, the richest person on Earth. But, have you ever wondered how he became who he is today? ü§î 

We were curious too. Specifically, about how he worked himself to the top of the food chain. So, as usual, we did a little digging ourselves. 

We carefully analysed everything from üî• How he started Amazon üî• The sacrifices he had to make to get Amazon up and running üî• The current state of Amazon financially üî• What Amazon hopes to become in the future +more! 

And, we‚Äôre excited to share these findings with you ü•≥ 
If you‚Äôve been a fan of Bezos for a while and would like to know more about him, today‚Äôs video is perfect for you! Click on the link below to watch what we‚Äôve learnt üíØ

Visit our Website for more info:-
https://simplebooks.com/srilanka/ 

Simplebooks Facebook:-
https://www.facebook.com/teamsimplebooks/ 

Simplebooks LinkedIn:-
https://www.linkedin.com/company/simplebooks-ltd

#JeffBezos#Amazon#Simplebooks",https://i.ytimg.com/vi/znL4FmIANBE/default.jpg,Simplebooks,none,,znL4FmIANBE,https://www.youtube.com/watch?v=znL4FmIANBE,21.916666666666668,56425,5099,0,615,0.4814129276115291
2020-02-19T02:00:04Z,UC3ScyryU9Oy9Wse3a8OAmYQ,Amazon Empire: The Rise and Reign of Jeff Bezos (full documentary) | FRONTLINE,"An inside look at how Amazon CEO Jeff Bezos built one of the largest and most influential economic forces in the world ‚Äî and the cost of Amazon‚Äôs convenience.

This journalism is made possible by viewers like you. Support your local PBS station here: http://www.pbs.org/donate

Love FRONTLINE? Find us on the PBS Video App where there are more than 250 FRONTLINE documentaries available for you to watch any time: https://to.pbs.org/FLVideoApp
 
Subscribe on YouTube: http://bit.ly/1BycsJW

#JeffBezos #Documentary #frontlinePBS

Jeff Bezos is not only the richest man in the world, he has built a business that is without precedent in the history of American capitalism. His power to shape everything from the future of work to the future of commerce to the future of technology is unrivaled. As politicians and regulators around the world start to consider the global impact of Amazon ‚Äî and how to rein in Bezos‚Äô power ‚Äî FRONTLINE investigates how he executed a plan to build one of the most influential economic and cultural forces in the world.
 
Instagram: https://www.instagram.com/frontlinepbs
Twitter: https://twitter.com/frontlinepbs
Facebook: https://www.facebook.com/frontline

FRONTLINE is streaming more than 200 documentaries online, for free, here: http://to.pbs.org/hxRvQP 

Funding for FRONTLINE is provided through the support of PBS viewers and by the Corporation for Public Broadcasting. Major funding for FRONTLINE is provided by the John D. and Catherine T. MacArthur Foundation and the Ford Foundation. Additional funding is provided by the Abrams Foundation, the Park Foundation, The John and Helen Glessner Family Trust, the Heising-Simons Foundation, and the FRONTLINE Journalism Fund with major support from Jon and Jo Ann Hagler on behalf of the Jon L. Hagler Foundation.",https://i.ytimg.com/vi/RVVfJVj5z8s/default.jpg,FRONTLINE PBS | Official,none,,RVVfJVj5z8s,https://www.youtube.com/watch?v=RVVfJVj5z8s,113.28333333333333,38704273,211982,0,28893,0.4729761453374004
2021-08-20T17:51:30Z,UC6LEH0rS9V0BF5aNhVYdykQ,Bo Burnham vs. Jeff Bezos,"COVID make man sad

Patreon: https://www.patreon.com/cjthex
Twitter: https://twitter.com/cjthex
Insta: https://www.instagram.com/cjthex/
Donate: https://paypal.me/cjthex

Edited by CJ The X & Ben From Canada

Spawn Point: 0:00

Checkpoint 1: Transhumanism 28:29

Checkpoint 2: Soul 1:04:00

Checkpoint 3: Politics 1:51:54

Bibliography:

‚Ä¢ Everything",https://i.ytimg.com/vi/UvYcunuF3Eo/default.jpg,CJ The X,none,,UvYcunuF3Eo,https://www.youtube.com/watch?v=UvYcunuF3Eo,146.25,1458772,84847,0,8139,0.4700862822117142
2012-11-29T23:30:12Z,UCd6MoB9NC6uYN2grvUNT-Zg,2012 re:Invent Day 2: Fireside Chat with Jeff Bezos & Werner Vogels,Watch the fireside chat with Amazon Founder & CEO Jeff Bezos and CTO Werner Vogels.,https://i.ytimg.com/vi/O4MtQGRIIuA/default.jpg,Amazon Web Services,none,,O4MtQGRIIuA,https://www.youtube.com/watch?v=O4MtQGRIIuA,41.6,159821,1520,0,9,0.4663357219581127
2019-03-06T23:40:30Z,UCubjN20E-9aDbardF0sYurg,"Jeff Bezos ‚Äì March 1998, earliest long speech",Amazon CEO & Founder Jeff Bezos share his wisdom to us,https://i.ytimg.com/vi/PnSjKTW28qE/default.jpg,–ò–∑–∞–±–µ–ª–ª–∞ –ë–æ—Ä–∏—Å–æ–≤–∞,none,,PnSjKTW28qE,https://www.youtube.com/watch?v=PnSjKTW28qE,72.21666666666667,85807,1982,0,152,0.4663357219581127
2022-05-07T15:51:45Z,UC-huKNPoiEoWCec3RRi6jQQ,Kim jest Jeff Bezos? Polaraxa 21-22,"Ludzko≈õƒá wyra≈∫nie nie mo≈ºe ≈ºyƒá bez bohater√≥w i jest to fakt potwierdzony literacko co najmniej od czas√≥w ‚ÄúIliady‚Äù Homera. Czƒôsto jednak bohaterowie nie chcƒÖ czekaƒá a≈º zostanƒÖ przez ludzko≈õƒá zauwa≈ºeni i sami kreujƒÖ swojƒÖ wizjƒô starajƒÖc siƒô zmieniƒá ≈õwiat na sw√≥j obraz i podobie≈Ñstwo. Dzi≈õ tymi bohaterami sƒÖ globalni miliarderzy, kt√≥rych zasoby pieniƒô≈ºne sprawiajƒÖ, ≈ºe ≈õwiat a nawet wszech≈õwiat zaczyna ≈õcieliƒá siƒô u ich st√≥p. Kim≈õ takim jest niewƒÖtpliwie Jeff Bezos. Kim jest Jeff Bezos? Odpowied≈∫ w dzisiejszym programie. Zapraszam!


Polecam:
‚ï† Seria UFO  ‚ñ∫ http://bit.ly/2TcDiHW
‚ï†  Godne uwagi serie w playlistach ‚ñ∫
http://bit.ly/2TwkaUh ‚ñ∫ Nauka i Technologia
http://bit.ly/2PD3Uzp ‚ñ∫ Kosmos
http://bit.ly/32Gv6T6 ‚ñ∫ Tajemnica Rudolfa Hessa

Wa≈ºna informacja dla tych co sƒÖ chƒôtni wesprzeƒá mnie i mojƒÖ pracƒô -  jest nowy adres:
‚ï† PATREON.com ‚ñ∫ https://bit.ly/3dUYZTJ 
(Patreon.com jest ameryka≈Ñskim pierwowzorem polskiego patronite)

‚ï† FANPAGE KANA≈ÅU ‚ñ∫ https://www.facebook.com/PolaraxaChris/
‚ï† GRUPA NA FACEBOOKU ‚ñ∫
‚ï† CODZIENNE NEWSY ‚ñ∫ http://nowaatlantyda.com

Moje audycje dostƒôpne sƒÖ r√≥wnie≈º na:
‚ï† ANCHOR.FM ‚ñ∫ https://anchor.fm/chris-miekina
‚ï† SPOTIFY ‚ñ∫ https://spoti.fi/2ZovjL2

Darowizny (wsparcie dla tw√≥rcy) - YouTube mocno ogranicza moje zasiƒôgi dlatego proszƒô o wsparcie:
‚ï† Paypal (koniecznie wpisz DAROWIZNA w tytule przelewu) ‚ñ∫ chrismiekina@gmail.com

‚ï† Kontakt ‚ñ∫ chrismiekina@gmail.com

Chcesz pom√≥c rozwijaƒá m√≥j kana≈Ç? Zosta≈Ñ PATRONEM na Patreon.com!
(Patreon.com jest ameryka≈Ñskim pierwowzorem polskiego patronite)
Dziƒôkujƒô Wszystkim Widzom i S≈Çuchaczom za Wasze wsparcie!
‚ï† PATREON.com ‚ñ∫ https://bit.ly/3dUYZTJ 

Je≈ºeli podoba Ci siƒô to co i jak robiƒô, zostaw proszƒô ‚Äûlajka‚Äù, napisz mi komentarz a przede wszystkim zasubskrybuj m√≥j kana≈Ç.  Je≈ºeli go subskrybujesz to nie przegap kolejnych film√≥w - kliknij ‚Äûdzwonek‚Äù obok przycisku ‚Äûsubskrypcji‚Äù. 
Dziƒôkujƒô za ka≈ºde z powy≈ºszych dzia≈Ça≈Ñ - to wiele dla mnie znaczy i motywuje mnie do dalszego tworzenia!

======= Muzyka =======
stock music",https://i.ytimg.com/vi/QfJJI1yVqgM/default.jpg,Chris Miekina,none,,QfJJI1yVqgM,https://www.youtube.com/watch?v=QfJJI1yVqgM,29.016666666666666,31828,2301,0,323,0.4641850376705627
2024-02-10T03:22:52Z,UCs0QXHkbkBDM_NwnRiGFoTA,La verdad no dicha de la TRILLONARIA vida de Jeff Bezos,"As√≠ es la lujosa vida de Jeff Bezos 31 datos de Jeff Bezos de c√≥mo hiz√≥ y c√≥mo gasta su fortuna. ‚ñ∂Ô∏éSuscr√≠bete al canal, PULSA AQU√ç: http://bit.ly/2lMpTYx

As√≠ que Jeff se gan√≥ su fortuna a pulso, al igual que el derecho de gastarla c√≥mo mejor le parezca.

Hoy te contaremos c√≥mo hizo su fortuna y c√≥mo la gasta. Hay cosas que no podr√°s creer. ¬°Acomp√°√±anos!

----------------------------------------------------------------- 

Agr√©ganos: 

Facebook ‚ñ∫ 
https://geni.us/xS4dD
    

Instagram ‚ñ∫",https://i.ytimg.com/vi/GgombvMaoV0/default.jpg,Crea Y Transforma,none,,GgombvMaoV0,https://www.youtube.com/watch?v=GgombvMaoV0,24.066666666666666,35585,1843,0,89,0.46136919311784913
2018-09-14T02:03:21Z,UCvJJ_dzjViJCoLf5uKUTwoA,Jeff Bezos At The Economic Club Of Washington (9/13/18),"Amazon CEO and founder Jeff Bezos participates in the Milestone Celebration Dinner at the Economic Club of Washington in Washington, D.C.

¬ª Subscribe to CNBC: http://cnb.cx/SubscribeCNBC

About CNBC: From 'Wall Street' to 'Main Street' to award winning original documentaries and Reality TV series, CNBC has you covered. Experience special sneak peeks of your favorite shows, exclusive video and more.

Connect with CNBC News Online
Get the latest news: http://www.cnbc.com/
Follow CNBC on LinkedIn: https://cnb.cx/LinkedInCNBC
Follow CNBC News on Facebook: http://cnb.cx/LikeCNBC
Follow CNBC News on Twitter: http://cnb.cx/FollowCNBC
Follow CNBC News on Google+: http://cnb.cx/PlusCNBC
Follow CNBC News on Instagram: http://cnb.cx/InstagramCNBC

#CNBC
#JeffBezos
#Amazon

Amazon CEO Jeff Bezos Live Interview at the Economic Club of Washington - Sept. 13, 2018 | CNBC",https://i.ytimg.com/vi/xv_vkA0jsyo/default.jpg,CNBC,none,,xv_vkA0jsyo,https://www.youtube.com/watch?v=xv_vkA0jsyo,69.96666666666667,353488,4343,0,344,0.4493324144703018
2021-02-18T16:49:22Z,UCuF49lP5gkkw5L8HK3H6GJg,The Story of Jeff Bezos,"After humble beginnings working in an small Albuquerque McDonald's, Jeff Bezos has worked his way up the ladder of life ending up as the Owner / CEO of Amazon, The Washington Post and Blue Origin. However, such a journey has been far from simple. Jeff Bezos has had to take risks, endure downs, re-try after numerous failures and of course compete with the one and only Elon Musk. The rewards for Jeff Bezos have been incomprehensible, ending 2020 with a net worth of $182 billion dollars. This is, the Full Story of Jeff Bezos.

Thank you guys for watching, like and sub if you enjoyed, Sunny XO ‚ù§

#JeffBezos‚Äã #Documentary",https://i.ytimg.com/vi/a171hw91QjI/default.jpg,SunnyV2,none,,a171hw91QjI,https://www.youtube.com/watch?v=a171hw91QjI,26.466666666666665,1996499,50562,0,2867,0.40081459010287696
2020-01-17T13:32:30Z,UC4zWG9LccdWGUlF77LZ8toA,"Fireside Chat with Jeff Bezos | Shah Rukh Khan, Zoya Akhtar | Amazon Prime Video","Jeff Bezos ‚Äì CEO and President, Amazon, gets candid in a fireside chat with Actor Shah Rukh Khan and Filmmaker Zoya Akhtar at the event marking his Maiden Mumbai visit and 3 years of Amazon Prime Video in India.

For more such videos, subscribe to our YouTube channel ‚ñ∫ https://amzn.to/Subscribe
Don't forget to push the Bell üîî icon to never miss an update.


""For more updates, stay connected with us on
‚ñ∫ Facebook: https://www.facebook.com/PrimeVideoIN/
‚ñ∫ Twitter: https://twitter.com/PrimeVideoIN
‚ñ∫ Instagram: https://www.instagram.com/primevideoin""
‚ñ∫ Stream Now: https://primevideo.com

""About Amazon Prime Video

Amazon Prime Video offers unlimited ad-free streaming of Prime Originals, premium Hollywood, Bollywood & Regional movies, and TV shows. Enjoy on your phone, tablet or SmartTV. Or you can download your favorite movies and TV shows to watch them offline.""

‚ñ∫ Join Prime today at just Rs.999/year only. https://amzn.to/SignUp

#JeffBezos #ShahRukhKhan, #ZoyaAkhtar",https://i.ytimg.com/vi/lJJB7eb-1u0/default.jpg,Prime Video India,none,,lJJB7eb-1u0,https://www.youtube.com/watch?v=lJJB7eb-1u0,44.78333333333333,6350931,139103,0,8301,0.3814240290785362
2024-04-07T22:45:53Z,UCGRryxFxjXbVAtBPE9EbyMg,The Most EXPENSIVE Things Jeff Bezos Owns.,"OG Vid: https://www.youtube.com/watch?v=3aLgLiwMrpw

‚òÜSocials:
‚û• Gaming Channel: https://www.youtube.com/@JoeBartGames
‚û• Vod Channel: https://www.youtube.com/channel/UC-lfGGqb5hHLBqVnVnWyrsw
‚û•Twitch: https://www.twitch.tv/joe_bartolozzi
‚û•Instagram: https://www.instagram.com/joe.bartolozzi/?hl=en
‚û•TikTok:https://www.tiktok.com/@joe.bartolozzi?lang=en 
‚û•Twitter: https://twitter.com/joebartolozzi_?lang=en

Editor: @Jdyo 


‚òÜDiscord:
‚û• https://discord.gg/joebart",https://i.ytimg.com/vi/lSvL4EAfQts/default.jpg,Joe Bartolozzi,none,,lSvL4EAfQts,https://www.youtube.com/watch?v=lSvL4EAfQts,26.016666666666666,409415,13410,0,565,0.31727025971039846
2018-09-20T22:37:38Z,UCMxg9TQdOZSu21CHffziZlw,"Jeff Bezos, CEO and Founder, Amazon","Jeff Bezos, CEO and Founder, Amazon, speaks with Economic Club president David M. Rubenstein on Thursday, September 13, 2018",https://i.ytimg.com/vi/zN1PyNwjHpc/default.jpg,"The Economic Club of Washington, D.C.",none,,zN1PyNwjHpc,https://www.youtube.com/watch?v=zN1PyNwjHpc,70.63333333333334,1806501,0,0,0,0.31727025971039846
2018-04-21T04:47:38Z,UC2reRwDWsnWkonmK9t2uo5w,Forum on Leadership: A Conversation with Jeff Bezos,"Jeff Bezos, Chairman and CEO of Amazon, was the featured speaker at the April 20, 2018 Closing Conversation of the George W. Bush Presidential Center‚Äôs Forum on Leadership, in partnership with SMU.

Introduction by Dr. Gerald Turner, President of SMU. Moderated by Kenneth Hersh, President and CEO of the Bush Center.

Presented by Amarillo National Bank.",https://i.ytimg.com/vi/xu6vFIKAUxk/default.jpg,TheBushCenter,none,,xu6vFIKAUxk,https://www.youtube.com/watch?v=xu6vFIKAUxk,56.46666666666667,190919,1580,0,83,0.31727025971039846
2017-11-14T17:37:20Z,UCMGlHWuKnlWVoY5GXpXTYzg,Amazon CEO Jeff Bezos and brother Mark give a rare interview about growing up and secrets to success,"In this first-of-its-kind conversation, the Bezos brothers discuss their early influences, habits for success, and predictions for the future.

Interested in attending Summit events? Apply at http://www.summit.co/apply

Connect with Summit: 
http://www.summit.co
http://www.instagram.com/summit
http://fb.com/summit",https://i.ytimg.com/vi/Hq89wYzOjfs/default.jpg,Summit,none,,Hq89wYzOjfs,https://www.youtube.com/watch?v=Hq89wYzOjfs,54.93333333333333,2213833,27630,0,0,0.31727025971039846
2018-05-05T20:00:01Z,UC-5JG7ApVwWgIIg0bDSy5_Q,"Jeff Bezos Talks Amazon, Blue Origin, Family, And Wealth","Mathias D√∂pfner, the CEO of Business Insider's parent company, Axel Springer, recently sat down with Amazon CEO Jeff Bezos to talk about the early days of creating Amazon, what he's learned since then, how he funds his rocket company, Blue Origin, and what it's like when the president of the United States is your biggest critic.

The sit-down interview happened in Berlin, where Bezos received the Axel Springer Award 2018.

Business Insider tells you all you need to know about business, finance, tech, science, retail, and more.
Subscribe to our channel and visit us at: http://www.businessinsider.com/
BI on Facebook: https://www.facebook.com/businessinsider/
BI on Instagram: https://www.instagram.com/businessinsider/
BI on Twitter: https://twitter.com/businessinsider",https://i.ytimg.com/vi/SCpgKvZB_VQ/default.jpg,Personal Finance Insider,none,,SCpgKvZB_VQ,https://www.youtube.com/watch?v=SCpgKvZB_VQ,48.516666666666666,2792617,35875,0,4926,0.31727025971039846
2018-09-19T14:46:45Z,UCqsN9MYiu1mKSAsYoF6ppTg,Amazon CEO Jeff Bezos on The David Rubenstein Show,"Sep.19 -- Jeff Bezos, Amazon Founder, entrepreneur and owner of the Washington Post, talks to David Rubenstein about his background, how he came up with the idea for Amazon, building the company, some of the key businesses including Prime and Whole Foods, the space race and philanthropy. The world's richest man says his most important decisions are made not with quantitative analysis but ""with instinct, intuition, taste, heart."" Bezos speaks in the latest episode of ""The David Rubenstein Show: Peer-to-Peer Conversations."" The interview was taped on September 13 in Washington.",https://i.ytimg.com/vi/f3NBQcAqyu4/default.jpg,David Rubenstein,none,,f3NBQcAqyu4,https://www.youtube.com/watch?v=f3NBQcAqyu4,48.2,3908239,42370,0,3819,0.31727025971039846
2009-01-31T00:08:00Z,UCpl3CA98zybDPLjRKYWcAlg,Jeff Bezos at Startup School 08,"Jeff Bezos, Founder of Amazon.com, speaks at Startup School 2008",https://i.ytimg.com/vi/6nKfFHuouzA/default.jpg,startupschool,none,,6nKfFHuouzA,https://www.youtube.com/watch?v=6nKfFHuouzA,43.31666666666667,109322,1672,0,89,0.31727025971039846
2024-01-18T14:30:26Z,UCKQcazUy4R2p4nBWsxwQJyg,10 Most Expensive Things Owned By Jeff Bezos,10 Most Expensive Things Owned By Jeff Bezos,https://i.ytimg.com/vi/h42azj4C514/default.jpg,King Luxury,none,,h42azj4C514,https://www.youtube.com/watch?v=h42azj4C514,29.083333333333332,34881,168,0,17,0.31727025971039846
2023-09-26T20:30:01Z,UCt1x4quAxRGr4vBp_goMQrA,La Trillonaria Vida De Jeff Bezos,La Trillonaria Vida De Jeff Bezos,https://i.ytimg.com/vi/JZkGpZbtBL0/default.jpg,King Luxury Espa√±ol,none,,JZkGpZbtBL0,https://www.youtube.com/watch?v=JZkGpZbtBL0,26.3,843682,4107,0,186,0.31727025971039846
2023-06-12T14:47:01Z,UCKQcazUy4R2p4nBWsxwQJyg,The Trillionaire Life of Jeff Bezos,The Trillionaire Life of Jeff Bezos,https://i.ytimg.com/vi/LOVofF4XfUE/default.jpg,King Luxury,none,,LOVofF4XfUE,https://www.youtube.com/watch?v=LOVofF4XfUE,24.6,1236071,4371,0,675,0.31727025971039846
2023-06-28T14:30:20Z,UCKQcazUy4R2p4nBWsxwQJyg,Jeff Bezos' Insane Collection of Yachts,Jeff Bezos' Insane Collection of Yachts,https://i.ytimg.com/vi/tD7Su5EmNjY/default.jpg,King Luxury,none,,tD7Su5EmNjY,https://www.youtube.com/watch?v=tD7Su5EmNjY,26.116666666666667,26153,309,0,21,0.31727025971039846
2015-01-26T16:53:44Z,UCUMZ7gohGI9HcU9VNsr2FJQ,Jeff Bezos Revealed: Building Amazon One Box at a Time,"Feb. 1 (Bloomberg) -- ""Bloomberg Game Changers"" profiles Amazon.com Inc. founder Jeff Bezos. This program explores the story behind the founder of Amazon.com, the world's most successful online retailer and examines key moments in his life. (Source: Bloomberg)

--Subscribe to Bloomberg on YouTube: http://www.youtube.com/Bloomberg

Bloomberg Television offers extensive coverage and analysis of international business news and stories of global importance. It is available in more than 310 million households worldwide and reaches the most affluent and influential viewers in terms of household income, asset value and education levels. With production hubs in London, New York and Hong Kong, the network provides 24-hour continuous coverage of the people, companies and ideas that move the markets.",https://i.ytimg.com/vi/tfAhTtBlb2Q/default.jpg,Bloomberg Originals,none,,tfAhTtBlb2Q,https://www.youtube.com/watch?v=tfAhTtBlb2Q,25.066666666666666,1241459,10759,0,591,0.2849457047188858
2017-05-23T20:12:38Z,UCw0uQHve23oMWgQcTTpgQsQ,Amazon's 14 Leadership Principles via Jeff Bezos,"Coaching and Training:  https://bestofmany.com/

00:00 1. Customer obsession: start with the customer and work backwards; work vigorously to earn and keep customer trust; pay attention to competitors, but keep obsessing over customers
2. Ownership: think like an owner, long term and don‚Äôt sacrifice long-term value for short-term results; act on behalf of the entire company, not just for your own team; never say ‚Äúthat‚Äôs not my job""
3. Invent and simplify: expect and require innovation and invention from your team and always find ways to simplify; be externally aware, always look for new ideas from everywhere, and don‚Äôt be limited by ‚Äúnot invented here""
4. Leaders are right a lot 1:52 : you have strong judgment and good instincts; you seek diverse perspectives and work to disconfirm your beliefs
5. Frugality 3:50 : accomplish more with less. Constraints breed resourcefulness, self-sufficiency and invention. There are no extra points for growing headcount, budget size or fixed expense
6. Hire and develop the best 5:01 : raise the performance bar with every hire and promotion; recognize exceptional talent, and willingly move them throughout the organization; develop leaders and take seriously your role in coaching others
7. Earn trust 5:05 : listen attentively, speak candidly, and treat others respectfully. Be vocally self-critical, even when doing so is awkward or embarrassing; leaders do not believe their or their team‚Äôs body odor smells of perfume; benchmark yourself and your team against the best.
8. Insist on the highest standards 7:42 : you have relentlessly high standards - many may think these standards are unreasonably high; you are continually raising the bar and driving your team to deliver high quality products, services and processes; defects do not get sent down the line and problems are fixed so they stay fixed
9. Bias for action 11:34 : speed matters in business. Many decisions and actions are reversible and do not need extensive study. We value calculated risk taking.
10. Learn and be curious 11:34 : you are never done learning and you always seek to improve; you are curious about new possibilities and act to explore them
11. Have backbone. Disagree and commit 13:26 : respectfully challenge decisions when you disagree, even when doing so is uncomfortable or exhausting; have conviction and be tenacious; do not compromise for the sake of social cohesion; once a decision is determined, commit to it.
12. Dive deep 13:26 : operate at all levels, stay connected to the details, audit frequently, and be skeptical when metrics and anecdote differ. No task is beneath you.
13. Think big 16:04 : thinking small is a self-fulfilling prophecy. Create and communicate a bold direction that inspires results. Think differently and look around corners for ways to serve customers.
14. Deliver results 16:04 : focus on the key inputs for your business and deliver with the right quality and in a timely fashion; despite setbacks, rise to the occasion and never settle",https://i.ytimg.com/vi/B-xdfQv3I1k/default.jpg,Dan Croitor,none,,B-xdfQv3I1k,https://www.youtube.com/watch?v=B-xdfQv3I1k,20.35,1104126,12295,0,234,0.2542976485580069
2022-10-30T17:05:00Z,UCI-8QMy9n3I5Pv6mTmXoAXA,L'Histoire de Jeff Bezos,"Cet √©pisode est rendu possible gr√¢ce au soutien de CyberGhost VPN : https://www.cyberghostvpn.com/GaspardG


Loin d‚Äô√™tre un gars en carton, Jeff Bezos est pass√© des cuisines de McDonald's aux cockpits de fus√©es. Homme le plus riche du monde √† l‚Äô√©thique discutable, fondateur du rouleau compresseur au grand sourire : Amazon, voici l‚Äôhistoire de Jeff Bezos.


üéß CET √âPISODE EST AUSSI EN PODCAST
Spotify : http://bit.ly/3o8S6ZW
Deezer : http://bit.ly/3UCCwlE
Apple Podcasts : http://bit.ly/3MAyhF8


‚úåÔ∏è ME RETROUVER
Instagram : https://www.instagram.com/Gaspard_G
TikTok : https://www.tiktok.com/@gaspard.actu
Twitter: https://twitter.com/GaspardG_
Facebook : https://www.facebook.com/GaspardVideo


üßÉ ABONNE-TOI
Sur YouTube en cliquant ici : https://bit.ly/3bYWRxc
Pour faire partie des premiers √† voir mes vid√©os, active la cloche.
Un nouvel √©pisode de #Histoirede un dimanche sur deux √† 18h.


üë• MON √âQUIPE
Une s√©rie de Gaspard G
R√©alis√© par Sam Delhay
Un texte de Augustin Manhes, supervis√© par L√©ah Boukobza
Produit par Max Laulom et Gaspard G
Montage de Alphonse Gausslin
Motion Design par H√©lo√Øse d'Almeida
Merci √† Laura Laidi et Alexandre Painset pour leur aide
Musiques de Audio Network et Artlist
Produit avec ‚ô° par Intello


üóí SOURCES
‚Ä¢ Jean-Marc DANIEL, ¬´ BEZOS JEFF (1964 ) ¬ª, Encyclop√¶dia Universalis [en ligne] 
Amazon Empire: The Rise and Reign of Jeff Bezos, Frontline PBS, 2020
‚Ä¢ Brad Stone, ‚ÄúJeff Bezos : la folle ascension du fondateur de l‚Äôempire Amazon‚Äù, Talent √âditions, 2021. 
‚Ä¢ ‚ÄúComment Amazon est devenu un empire‚Äù, Le Monde, 2021. 


üì¨ ME CONTACTER
gaspardg@intello.co (pro et commercial)


üóÉ CHAPITRES
00:00 Introduction
00:39 Un jeune homme prometteur (1964-1994) 
7:33 Amazon.com la machine infernale (1994-2017)
17:29 Changer de cap (Depuis 2017)
23:42 Dans le prochain √©pisode
25:25 Conclusion",https://i.ytimg.com/vi/kw7bpnrDblM/default.jpg,Gaspard G,none,,kw7bpnrDblM,https://www.youtube.com/watch?v=kw7bpnrDblM,25.783333333333335,662797,22754,0,461,0.17579862505933638
